date ,open, highest ,lowest, close ,amout, vol ,str07
20150902 ,280.71, 294.48, 275.81, 280.73 ,53629888.0, 885287 ,2818053
20150907 ,283.6, 294.89, 283.6, 286.3 ,45211132.8, 741146 ,48
20150908 ,286.27, 302.4, 285.69, 301.34 ,53231216.0, 882019 ,48
20150909 ,304.24, 311.89, 302.62, 307.42 ,80694163.2, 1204163 ,48
20150910 ,305.19, 307.57, 301.39, 303.54 ,51599731.2, 801091 ,2818054
20150911 ,303.41, 310.87, 302.74, 310.79 ,53858982.4, 772690 ,262189
20150914 ,312.13, 313.0, 287.24, 289.88 ,76655436.8, 1208501 ,3211264
20150915 ,287.16, 293.33, 284.99, 286.69 ,45026256.0, 731165 ,2752517
20150916 ,286.6, 308.37, 286.6, 305.17 ,62412288.0, 1009946 ,48
20150917 ,303.97, 306.95, 298.41, 298.7 ,61080774.4, 927658 ,3080193
20150918 ,299.19, 303.55, 296.92, 302.62 ,50453136.0, 679439 ,393258
20150921 ,302.51, 310.91, 300.16, 310.81 ,55249433.6, 794030 ,131119
20150922 ,312.14, 313.31, 308.79, 311.74 ,45463619.2, 684538 ,1179673
20150923 ,309.06, 312.62, 307.22, 309.97 ,47515542.4, 709403 ,2097167
20150924 ,310.58, 313.74, 309.62, 312.07 ,31662937.6, 478670 ,327722
20150925 ,311.74, 313.13, 306.74, 308.01 ,37495545.6, 553119 ,3080194
20150928 ,307.88, 310.4, 304.26, 309.97 ,22672171.2, 338167 ,393259
20150929 ,308.02, 309.79, 305.91, 307.64 ,28853472.0, 424204 ,2883588
20150930 ,307.65, 309.86, 307.19, 309.71 ,22769776.0, 342306 ,458792
20151008 ,316.47, 320.0, 316.25, 317.67 ,54404364.8, 799498 ,49
20151009 ,317.84, 320.34, 317.03, 320.06 ,38318099.2, 577545 ,327722
20151012 ,321.22, 335.35, 321.22, 332.84 ,98284633.6, 1465678 ,48
20151013 ,331.62, 336.32, 330.2, 335.82 ,61881977.6, 894086 ,327721
20151014 ,335.15, 336.01, 332.21, 332.49 ,55725792.0, 766101 ,2752517
20151015 ,331.42, 340.95, 331.42, 340.7 ,70890035.2, 992952 ,46
20151016 ,341.57, 348.04, 339.42, 347.84 ,98875174.4, 1325805 ,65580
20151019 ,349.58, 349.68, 341.58, 344.29 ,81007987.2, 1029514 ,2621447
20151020 ,345.06, 348.51, 344.33, 348.28 ,69686284.8, 963238 ,327723
20151021 ,348.99, 350.0, 331.18, 332.64 ,107973376.0, 1394572 ,2949123
20151022 ,333.13, 343.39, 333.13, 343.32 ,81172902.4, 1111108 ,47
20151023 ,344.65, 352.31, 344.65, 351.35 ,96676512.0, 1400649 ,65583
20151026 ,354.34, 354.99, 348.7, 350.61 ,86220870.4, 1253101 ,1703957
20151027 ,349.44, 352.37, 342.77, 351.98 ,83101913.6, 1312039 ,917537
20151028 ,351.13, 352.07, 345.21, 346.12 ,55661318.4, 861675 ,2883585
20151029 ,347.43, 351.81, 347.04, 350.21 ,66040838.4, 908038 ,393257
20151030 ,351.05, 363.42, 348.46, 358.55 ,125586764.8, 1707530 ,262188
20151102 ,356.87, 361.02, 352.03, 353.18 ,154154560.0, 1613413 ,3014659
20151103 ,353.08, 355.57, 350.38, 353.26 ,47892438.4, 652243 ,1441815
20151104 ,353.63, 364.12, 353.63, 364.08 ,94896390.4, 1297012 ,65584
20151105 ,364.51, 367.64, 363.16, 364.63 ,87866048.0, 1259842 ,1769491
20151106 ,364.52, 369.52, 364.52, 369.41 ,67095494.4, 940179 ,65584
20151109 ,368.7, 375.14, 368.7, 374.19 ,98371500.8, 1381448 ,262189
20151110 ,373.7, 376.15, 371.71, 374.22 ,76680153.6, 1030139 ,1966097
20151111 ,374.23, 377.14, 373.58, 376.75 ,67540800.0, 921598 ,917537
20151112 ,376.97, 378.62, 374.09, 377.09 ,79896608.0, 1083188 ,2293774
20151113 ,376.24, 381.94, 374.67, 377.25 ,113170483.2, 1476372 ,2162702
20151116 ,372.5, 378.08, 371.74, 377.72 ,81008774.4, 1113033 ,983071
20151117 ,378.65, 383.38, 377.61, 378.3 ,96619865.6, 1307940 ,1310743
20151118 ,375.12, 378.44, 372.97, 373.39 ,67543526.4, 870308 ,2818055
20151119 ,372.64, 379.48, 372.64, 379.38 ,77313452.8, 930555 ,65586
20151120 ,379.02, 382.07, 378.59, 380.4 ,73857478.4, 910059 ,1179677
20151123 ,379.42, 380.42, 375.22, 375.89 ,79746796.8, 1084578 ,2686984
20151124 ,374.48, 377.45, 372.35, 377.45 ,48760000.0, 653182 ,786466
20151125 ,377.54, 384.8, 377.37, 384.76 ,84921824.0, 1133257 ,196655
20151126 ,385.6, 386.76, 382.09, 382.27 ,68871065.6, 853526 ,2555916
20151127 ,381.92, 381.92, 364.66, 366.97 ,116302182.4, 1503741 ,3342336
20151130 ,366.11, 382.54, 358.55, 381.26 ,223941478.4, 2615156 ,65586
20151201 ,381.81, 391.33, 379.14, 382.35 ,178591424.0, 1941562 ,1048607
20151202 ,382.62, 384.65, 376.64, 383.52 ,90971737.6, 1202030 ,1638421
20151203 ,383.72, 387.87, 383.26, 386.94 ,81793273.6, 987295 ,655397
20151204 ,385.9, 387.54, 383.93, 385.17 ,92119558.4, 1129981 ,2293775
20151207 ,386.84, 390.45, 385.33, 388.11 ,115747942.4, 1353846 ,1048606
20151208 ,387.78, 387.78, 382.04, 382.58 ,103704249.6, 1223965 ,2818056
20151209 ,381.81, 390.45, 380.97, 388.2 ,126316761.6, 1419839 ,786470
20151210 ,388.27, 392.85, 388.17, 389.63 ,117229952.0, 1304693 ,1048607
20151211 ,389.36, 392.37, 388.67, 390.38 ,118501068.8, 1396987 ,1310749
20151214 ,388.35, 397.09, 386.71, 396.7 ,116703641.6, 1502543 ,458795
20151215 ,396.69, 402.84, 396.69, 400.11 ,113012928.0, 1496612 ,393259
20151216 ,401.12, 404.23, 401.12, 403.1 ,96567078.4, 1176046 ,655397
20151217 ,403.82, 409.67, 403.82, 407.08 ,149013875.2, 1766084 ,720935
20151218 ,407.57, 410.28, 406.91, 408.81 ,126011891.2, 1462126 ,1245215
20151221 ,408.78, 420.55, 408.76, 420.41 ,150992307.2, 1723933 ,65585
20151222 ,421.46, 431.71, 421.46, 431.48 ,165011136.0, 1956681 ,131120
20151223 ,432.26, 436.94, 432.07, 432.83 ,152333209.6, 1778410 ,1966099
20151224 ,432.48, 434.74, 426.67, 432.98 ,137684928.0, 1607367 ,1835030
20151225 ,433.74, 442.78, 433.74, 442.76 ,142122764.8, 1656042 ,65585
20151228 ,444.42, 453.3, 407.55, 407.77 ,344853632.0, 4127282 ,3145730
20151229 ,403.18, 418.23, 397.89, 418.09 ,233959142.4, 2697934 ,458796
20151230 ,418.61, 431.24, 416.48, 426.66 ,197439820.8, 2328895 ,655400
20151231 ,427.17, 429.88, 423.28, 426.41 ,99610828.8, 1157542 ,1966098
20160104 ,426.0, 426.98, 396.85, 397.33 ,131083916.8, 1602514 ,3276800
20160105 ,389.42, 409.16, 389.11, 404.37 ,167593548.8, 2069439 ,589865
20160106 ,404.53, 408.97, 400.72, 408.79 ,123905740.8, 1627283 ,655398
20160107 ,403.37, 403.37, 377.74, 378.81 ,39128492.8, 488057 ,3342336
20160108 ,390.88, 394.04, 374.25, 387.48 ,158950105.6, 1995088 ,262190
20160111 ,382.26, 382.63, 356.09, 356.23 ,166546188.8, 2200966 ,3276800
20160112 ,356.91, 364.12, 353.18, 359.38 ,93094355.2, 1209927 ,524330
20160113 ,363.6, 368.04, 354.91, 355.4 ,97897600.0, 1212221 ,2621450
20160114 ,346.74, 366.84, 344.43, 365.1 ,104759904.0, 1348509 ,65586
20160115 ,363.99, 365.72, 354.91, 356.6 ,93132147.2, 1231922 ,3080196
20160118 ,350.9, 362.14, 348.92, 358.69 ,70056211.2, 949705 ,327726
20160119 ,358.09, 371.54, 358.09, 371.32 ,97866790.4, 1307565 ,65586
20160120 ,369.95, 371.67, 362.26, 364.79 ,91728204.8, 1253567 ,2883588
20160121 ,360.39, 366.08, 351.24, 351.24 ,93680761.6, 1284466 ,3407872
20160122 ,353.28, 357.53, 348.49, 355.74 ,70697363.2, 1045672 ,327725
20160125 ,357.75, 361.42, 356.71, 358.95 ,61243987.2, 881548 ,524329
20160126 ,357.28, 357.28, 340.44, 341.36 ,87256096.0, 1274358 ,3211265
20160127 ,341.77, 343.82, 330.06, 341.15 ,88286553.6, 1357120 ,2031635
20160128 ,339.43, 343.19, 334.78, 335.36 ,61087475.2, 934579 ,2949125
20160129 ,335.9, 346.29, 335.67, 344.86 ,71106310.4, 1032407 ,131120
20160201 ,344.66, 345.62, 338.42, 340.57 ,48071148.8, 750304 ,3014661
20160202 ,340.07, 349.1, 340.07, 348.4 ,54149056.0, 811114 ,51
20160203 ,346.49, 349.18, 344.09, 348.45 ,43006419.2, 638791 ,1703959
20160204 ,349.72, 354.24, 349.72, 353.56 ,61054464.0, 868453 ,131120
20160205 ,354.15, 356.71, 353.88, 354.33 ,54175820.8, 725308 ,2097169
20160215 ,345.94, 352.28, 345.55, 350.82 ,49461472.0, 660048 ,2752520
20160216 ,351.28, 358.15, 351.28, 357.14 ,63581280.0, 867660 ,65585
20160217 ,357.15, 360.43, 356.84, 360.36 ,60676422.4, 838497 ,458793
20160218 ,361.12, 364.24, 361.12, 362.71 ,74756691.2, 1098405 ,983069
20160219 ,362.79, 363.14, 360.47, 362.1 ,50731692.8, 709179 ,2097168
20160222 ,363.99, 368.48, 363.95, 367.99 ,78146406.4, 1033949 ,131119
20160223 ,367.84, 368.53, 364.07, 366.5 ,52075267.2, 696010 ,2424842
20160224 ,365.67, 369.44, 363.77, 369.25 ,71156921.6, 933023 ,655399
20160225 ,368.53, 368.53, 345.11, 347.48 ,118813248.0, 1682035 ,3211264
20160226 ,349.8, 353.97, 347.84, 352.46 ,62524192.0, 870862 ,47
20160229 ,352.08, 352.08, 335.45, 339.35 ,73738284.8, 1056288 ,3145729
20160301 ,340.7, 346.42, 338.34, 345.01 ,50837568.0, 701803 ,65583
20160302 ,345.0, 357.99, 344.88, 357.76 ,80504870.4, 1095330 ,48
20160303 ,357.84, 360.71, 356.67, 356.91 ,61967084.8, 834332 ,2359307
20160304 ,356.93, 358.86, 349.89, 352.85 ,55659744.0, 743267 ,2752517
20160307 ,354.5, 359.45, 354.5, 357.48 ,42157232.0, 558423 ,47
20160308 ,358.12, 358.22, 351.2, 358.02 ,51170368.0, 714015 ,1572883
20160309 ,355.26, 355.58, 351.15, 352.6 ,34584972.8, 501246 ,3080194
20160310 ,352.77, 355.04, 350.14, 350.48 ,27536368.0, 370611 ,2686981
20160311 ,349.36, 352.68, 348.61, 351.44 ,23397716.8, 316708 ,655397
20160314 ,352.97, 361.23, 352.97, 358.64 ,61986259.2, 800166 ,49
20160315 ,358.55, 359.53, 356.56, 358.1 ,40418099.2, 515226 ,1900557
20160316 ,358.46, 359.39, 353.41, 354.35 ,36741968.0, 478266 ,2949122
20160317 ,354.6, 360.99, 354.6, 359.92 ,52277638.4, 640800 ,47
20160318 ,360.32, 367.87, 360.32, 367.34 ,109088371.2, 1368359 ,47
20160321 ,369.95, 373.52, 369.95, 373.31 ,93898771.2, 1182996 ,47
20160322 ,372.81, 374.14, 370.71, 372.13 ,63033881.6, 835502 ,2228235
20160323 ,371.81, 373.72, 371.13, 373.66 ,55043468.8, 677644 ,524324
20160324 ,373.0, 373.87, 370.05, 370.11 ,60930208.0, 712139 ,2883587
20160325 ,369.51, 372.49, 369.33, 372.37 ,43257139.2, 521641 ,393255
20160328 ,373.03, 376.43, 371.27, 372.14 ,61832038.4, 704066 ,1703951
20160329 ,371.58, 372.48, 366.46, 368.36 ,55731539.2, 656991 ,2424841
20160330 ,369.21, 375.0, 369.21, 374.89 ,66419865.6, 796428 ,46
20160331 ,375.47, 376.39, 373.9, 375.16 ,50472758.4, 627056 ,1376280
20160401 ,374.74, 375.17, 370.76, 374.95 ,51686169.6, 643264 ,1638416
20160405 ,374.84, 378.3, 373.9, 377.92 ,61024480.0, 761655 ,131115
20160406 ,377.63, 379.36, 376.75, 378.38 ,51936556.8, 623846 ,1310739
20160407 ,378.39, 379.07, 375.58, 376.26 ,51520883.2, 649430 ,2555909
20160408 ,374.72, 374.82, 371.3, 373.33 ,57615033.6, 680156 ,2686981
20160411 ,373.86, 378.05, 373.86, 376.55 ,49876067.2, 605289 ,262186
20160412 ,376.4, 377.23, 374.2, 376.47 ,35485116.8, 448210 ,1572882
20160413 ,377.06, 381.85, 377.06, 379.8 ,72588684.8, 960288 ,131114
20160414 ,380.51, 381.66, 379.27, 381.19 ,40926278.4, 537735 ,327718
20160415 ,380.93, 381.6, 379.97, 381.0 ,33829990.4, 434212 ,1507341
20160418 ,380.15, 380.15, 376.04, 377.0 ,38296236.8, 499312 ,2949121
20160419 ,377.39, 378.88, 376.03, 377.25 ,32735004.8, 450972 ,983064
20160420 ,377.57, 378.19, 365.24, 368.78 ,82298022.4, 1081086 ,2883586
20160421 ,368.75, 371.36, 367.39, 367.4 ,45014608.0, 624443 ,2490376
20160422 ,366.89, 368.7, 365.8, 368.64 ,26645481.6, 341716 ,589858
20160425 ,368.46, 368.46, 364.98, 367.7 ,28942726.4, 356880 ,2097162
20160426 ,367.74, 369.46, 366.99, 369.3 ,22783150.4, 297927 ,393253
20160427 ,369.29, 370.51, 368.86, 369.06 ,26019734.4, 335812 ,1441811
20160428 ,369.06, 369.23, 365.2, 368.38 ,33390928.0, 383014 ,1835025
20160429 ,368.23, 368.9, 367.08, 368.31 ,19161675.2, 231556 ,1572879
20160503 ,368.55, 373.25, 367.89, 373.19 ,41155433.6, 495697 ,45
20160504 ,373.04, 374.85, 372.59, 372.92 ,32793318.4, 367661 ,1703954
20160505 ,372.97, 373.06, 371.47, 372.84 ,24461676.8, 317856 ,1310740
20160506 ,372.72, 373.64, 366.5, 366.68 ,49195859.2, 600273 ,2883585
20160509 ,365.58, 365.58, 359.45, 360.04 ,52280646.4, 683636 ,2818049
20160510 ,359.61, 361.09, 357.97, 358.58 ,28200294.4, 383821 ,2031628
20160511 ,358.86, 360.52, 353.96, 354.17 ,37122624.0, 484610 ,2686979
20160512 ,353.45, 353.45, 347.01, 351.76 ,33430012.8, 472076 ,2359302
20160513 ,351.53, 353.57, 349.01, 349.84 ,21604686.4, 286083 ,2228231
20160516 ,349.66, 352.48, 347.9, 352.22 ,21485164.8, 272621 ,196649
20160517 ,352.47, 352.88, 350.31, 351.67 ,18636785.6, 233491 ,2031627
20160518 ,354.25, 354.25, 341.15, 342.76 ,61724876.8, 628741 ,2949121
20160519 ,342.63, 345.78, 334.56, 335.34 ,43338416.0, 446405 ,2555908
20160520 ,334.76, 336.81, 330.95, 336.43 ,40236550.4, 417865 ,851996
20160523 ,336.92, 340.84, 336.92, 339.68 ,26034992.0, 298998 ,262186
20160524 ,340.12, 340.12, 335.79, 336.57 ,15165780.8, 170695 ,2686980
20160525 ,337.67, 339.77, 335.52, 336.69 ,21481726.4, 278948 ,1245209
20160526 ,336.18, 337.24, 330.72, 335.49 ,28717929.6, 391296 ,1441815
20160527 ,335.35, 337.42, 334.05, 336.3 ,20011712.0, 246091 ,983063
20160530 ,336.31, 336.52, 333.67, 334.57 ,16837507.2, 213620 ,1835020
20160531 ,335.03, 349.82, 334.74, 348.66 ,95761868.8, 1040167 ,46
20160601 ,348.74, 350.23, 348.15, 348.7 ,35484681.6, 420342 ,1572881
20160602 ,348.48, 350.28, 347.73, 350.14 ,26245726.4, 301245 ,720925
20160603 ,349.98, 351.95, 349.22, 351.34 ,28241699.2, 332310 ,655391
20160606 ,351.67, 353.04, 350.12, 350.96 ,24042643.2, 289002 ,1638415
20160607 ,351.06, 351.99, 350.19, 351.06 ,16410731.2, 173945 ,1638418
20160608 ,351.22, 351.87, 349.09, 351.46 ,30226652.8, 302711 ,1900557
20160613 ,350.06, 350.06, 340.46, 340.64 ,46153625.6, 523770 ,3014657
20160614 ,339.94, 342.13, 338.3, 340.53 ,24765436.8, 274199 ,720928
20160615 ,338.1, 346.18, 336.82, 344.87 ,30351971.2, 371859 ,47
20160616 ,344.94, 344.94, 340.86, 341.56 ,17769113.6, 225488 ,2490375
20160617 ,341.44, 344.45, 341.12, 342.05 ,26729337.6, 349611 ,589859
20160620 ,342.21, 342.35, 338.6, 340.74 ,19807496.0, 244727 ,1769490
20160621 ,341.87, 344.78, 339.58, 340.24 ,31171481.6, 373166 ,1441813
20160622 ,339.93, 342.65, 339.15, 342.6 ,25186716.8, 340786 ,393253
20160623 ,342.5, 343.6, 341.07, 342.54 ,26976556.8, 339368 ,1703952
20160624 ,342.64, 344.37, 336.97, 340.0 ,44855648.0, 557001 ,2621446
20160627 ,339.11, 343.9, 338.96, 343.68 ,35269641.6, 429872 ,196651
20160628 ,342.99, 345.72, 342.4, 345.64 ,34661868.8, 456133 ,262182
20160629 ,345.7, 347.23, 345.7, 346.85 ,32182432.0, 414125 ,851997
20160630 ,346.92, 347.32, 346.03, 346.75 ,20825414.4, 274977 ,1376272
20160701 ,346.91, 348.27, 346.46, 347.07 ,23194728.0, 279068 ,1572881
20160704 ,346.7, 351.95, 346.46, 351.74 ,42410473.6, 573756 ,45
20160705 ,351.72, 353.11, 351.72, 352.28 ,29440873.6, 429598 ,1048602
20160706 ,352.74, 353.27, 351.68, 353.09 ,30984515.2, 383242 ,1310739
20160707 ,353.14, 353.14, 350.15, 351.54 ,36830371.2, 422038 ,2162698
20160708 ,351.17, 351.17, 349.67, 349.96 ,21270388.8, 263325 ,1900559
20160711 ,350.04, 352.1, 349.55, 349.93 ,33159225.6, 406771 ,2097164
20160712 ,349.78, 352.51, 348.2, 352.38 ,38925577.6, 507260 ,458789
20160713 ,352.39, 353.94, 352.2, 353.56 ,27129868.8, 358651 ,851998
20160714 ,353.96, 354.06, 351.66, 352.17 ,24125273.6, 306579 ,2097161
20160715 ,353.12, 354.13, 352.72, 353.08 ,25267814.4, 387207 ,1703954
20160718 ,352.46, 352.73, 351.03, 351.39 ,19612883.2, 295042 ,2228234
20160719 ,351.14, 351.75, 349.98, 351.33 ,18555692.8, 276122 ,1114135
20160720 ,351.48, 352.55, 351.33, 351.42 ,20387561.6, 247861 ,1507348
20160721 ,351.45, 353.7, 351.45, 353.09 ,29111862.4, 355796 ,327715
20160722 ,352.98, 353.48, 350.83, 351.14 ,21321110.4, 262402 ,2752516
20160725 ,350.9, 351.88, 350.18, 350.82 ,21293254.4, 260404 ,1376275
20160726 ,351.27, 352.95, 351.06, 352.84 ,26341684.8, 341317 ,262187
20160727 ,353.41, 354.03, 342.53, 346.47 ,73380883.2, 1009192 ,2949123
20160728 ,346.93, 347.02, 343.2, 346.42 ,50905315.2, 798661 ,1769490
20160729 ,346.54, 346.62, 342.64, 343.17 ,33227296.0, 503520 ,2752515
20160801 ,343.13, 343.13, 337.57, 339.71 ,35201744.0, 516585 ,2883588
20160802 ,339.74, 341.32, 338.74, 341.05 ,20495604.8, 330362 ,655393
20160803 ,341.1, 343.04, 340.56, 342.99 ,26666897.6, 399234 ,262184
20160804 ,342.99, 344.35, 341.82, 344.15 ,16860720.0, 242232 ,983066
20160805 ,344.03, 345.15, 343.83, 344.34 ,14935216.0, 214826 ,1638418
20160808 ,344.27, 346.23, 343.14, 346.13 ,24516982.4, 345996 ,589861
20160809 ,346.11, 347.55, 345.8, 347.44 ,17196756.8, 275781 ,196650
20160810 ,347.68, 348.35, 346.67, 346.84 ,15822019.2, 240386 ,2555913
20160811 ,346.95, 347.38, 344.35, 344.53 ,14548636.8, 223011 ,2883589
20160812 ,344.39, 347.07, 344.38, 346.95 ,14728604.8, 210085 ,196652
20160815 ,346.89, 354.73, 346.89, 354.07 ,53350931.2, 706518 ,49
20160816 ,354.13, 356.46, 354.13, 355.28 ,39007644.8, 540085 ,1179676
20160817 ,354.94, 355.72, 353.94, 355.24 ,22208123.2, 322879 ,1703956
20160818 ,355.2, 357.62, 355.17, 356.14 ,31488153.6, 443468 ,917531
20160819 ,356.11, 356.31, 354.53, 356.0 ,17526960.0, 250221 ,1638421
20160822 ,355.91, 356.78, 354.09, 354.4 ,22949206.4, 340770 ,2621447
20160823 ,354.23, 355.49, 353.08, 353.94 ,17831513.6, 253840 ,2031629
20160824 ,353.99, 355.03, 353.08, 353.51 ,19238192.0, 294324 ,1507350
20160825 ,353.11, 353.11, 350.28, 352.71 ,25187728.0, 370798 ,2228237
20160826 ,352.58, 354.43, 352.58, 353.54 ,18383747.2, 270010 ,917536
20160829 ,353.48, 354.63, 353.01, 354.15 ,15808108.8, 229874 ,1245204
20160830 ,354.05, 354.86, 353.69, 354.12 ,15690712.0, 218096 ,1441811
20160831 ,353.92, 355.14, 353.31, 354.81 ,19547659.2, 266058 ,1048601
20160901 ,354.71, 355.09, 352.98, 353.22 ,16438891.2, 231377 ,2686981
20160902 ,352.92, 353.92, 352.52, 353.18 ,13845505.6, 184830 ,1638417
20160905 ,353.47, 354.88, 353.18, 353.38 ,14555096.0, 196498 ,1441814
20160906 ,353.53, 355.68, 352.41, 355.64 ,21730054.4, 288388 ,327723
20160907 ,355.77, 357.06, 355.7, 356.01 ,26495476.8, 381880 ,1376279
20160908 ,356.13, 357.08, 355.83, 356.98 ,17538569.6, 254097 ,851995
20160909 ,357.01, 357.43, 356.18, 356.25 ,24204843.2, 332542 ,2359306
20160912 ,353.81, 353.85, 350.73, 351.14 ,43066227.2, 604877 ,3211265
20160913 ,351.34, 352.71, 351.34, 352.37 ,15723326.4, 209021 ,524329
20160914 ,352.21, 353.47, 351.24, 352.49 ,19638564.8, 271357 ,1310746
20160919 ,351.82, 353.92, 351.82, 353.36 ,16192814.4, 206800 ,786463
20160920 ,353.35, 353.45, 352.4, 352.96 ,13305811.2, 184172 ,2228237
20160921 ,353.0, 353.55, 352.69, 353.36 ,16591753.6, 227772 ,1048604
20160922 ,353.68, 355.88, 353.68, 354.95 ,24937761.6, 348316 ,655396
20160923 ,354.83, 355.53, 353.14, 353.35 ,32722048.0, 476873 ,2686982
20160926 ,353.0, 353.32, 347.87, 348.09 ,32358361.6, 478275 ,3211265
20160927 ,347.69, 349.57, 347.23, 349.37 ,22198939.2, 317354 ,524328
20160928 ,349.25, 350.8, 348.96, 350.66 ,23500916.8, 341249 ,1769489
20160929 ,351.23, 353.65, 350.93, 353.36 ,27830147.2, 421851 ,65583
20160930 ,353.0, 354.2, 352.62, 354.14 ,24118596.8, 355550 ,720929
20161010 ,355.13, 356.99, 354.43, 356.91 ,36165817.6, 536175 ,393260
20161011 ,357.15, 358.0, 356.82, 357.85 ,33106665.6, 510960 ,720928
20161012 ,357.65, 357.76, 356.44, 357.28 ,23064614.4, 365481 ,2031629
20161013 ,357.18, 358.95, 357.09, 358.8 ,26450972.8, 421003 ,1441815
20161014 ,358.61, 358.61, 355.81, 357.68 ,22306566.4, 327021 ,2162703
20161017 ,357.69, 358.74, 333.56, 335.68 ,114975001.6, 1724630 ,3342336
20161018 ,336.15, 344.34, 336.15, 344.24 ,66869651.2, 1015482 ,50
20161019 ,344.34, 346.82, 342.28, 342.5 ,46278201.6, 735271 ,2359308
20161020 ,342.48, 344.38, 342.28, 343.6 ,22962646.4, 376462 ,524326
20161021 ,343.61, 343.94, 337.32, 339.97 ,35191388.8, 564806 ,2818053
20161024 ,341.01, 347.56, 341.01, 347.03 ,43812364.8, 640158 ,131121
20161025 ,347.48, 348.33, 346.59, 348.22 ,42592998.4, 533763 ,1048607
20161026 ,347.81, 348.12, 346.33, 346.91 ,28265897.6, 387139 ,2555915
20161027 ,346.65, 347.25, 345.36, 346.97 ,26902096.0, 372027 ,1114144
20161028 ,347.05, 347.63, 344.46, 344.53 ,23207620.8, 358256 ,2621450
20161031 ,344.1, 344.1, 340.74, 342.69 ,23413048.0, 340461 ,2424842
20161101 ,342.66, 344.94, 342.63, 344.72 ,21403132.8, 330345 ,262186
20161102 ,344.59, 344.92, 343.32, 343.75 ,26801785.6, 329239 ,2555912
20161103 ,343.85, 346.37, 343.26, 345.04 ,31803520.0, 495983 ,917535
20161104 ,345.15, 346.59, 344.83, 345.43 ,22684163.2, 345027 ,1835026
20161107 ,345.45, 346.29, 344.37, 345.78 ,21721206.4, 322919 ,2097167
20161108 ,345.95, 347.64, 345.95, 346.68 ,25357891.2, 376339 ,327720
20161109 ,346.57, 346.99, 342.74, 344.93 ,31338454.4, 440249 ,3014659
20161110 ,345.37, 349.93, 345.37, 349.59 ,40639286.4, 561471 ,65586
20161111 ,349.79, 353.24, 349.48, 352.96 ,52215228.8, 689898 ,327724
20161114 ,352.18, 354.45, 351.55, 353.39 ,45283609.6, 634384 ,1703956
20161115 ,353.1, 354.55, 352.88, 354.02 ,37660348.8, 562437 ,917538
20161116 ,353.75, 355.41, 353.73, 354.95 ,39927225.6, 562046 ,655398
20161117 ,354.67, 354.67, 353.02, 354.32 ,32102620.8, 473198 ,2031631
20161118 ,354.02, 354.19, 351.64, 351.99 ,32026083.2, 452729 ,2359309
20161121 ,351.94, 354.25, 351.53, 353.29 ,29416243.2, 420162 ,524327
20161122 ,353.52, 355.63, 353.18, 355.56 ,33564313.6, 465399 ,458793
20161123 ,355.43, 356.12, 353.53, 354.02 ,25514630.4, 367410 ,2293768
20161124 ,353.95, 354.87, 352.84, 353.32 ,22564350.4, 315077 ,2097167
20161125 ,352.92, 353.66, 349.83, 353.61 ,28837353.6, 404204 ,1507349
20161128 ,353.65, 354.61, 353.64, 354.15 ,23297374.4, 311520 ,1376277
20161129 ,354.23, 354.23, 349.11, 349.42 ,35637043.2, 488787 ,2949125
20161130 ,349.48, 349.48, 347.89, 348.39 ,26975200.0, 394074 ,1507349
20161201 ,348.57, 349.97, 348.57, 349.4 ,15087684.8, 201590 ,1179675
20161202 ,349.53, 350.1, 348.13, 348.5 ,20556750.4, 259248 ,2686980
20161205 ,347.69, 348.88, 346.68, 347.04 ,21020392.0, 287983 ,2293772
20161206 ,347.13, 349.69, 347.11, 348.66 ,20849835.2, 299848 ,852002
20161207 ,348.75, 350.91, 348.48, 350.77 ,17786139.2, 256287 ,196653
20161208 ,350.91, 351.5, 350.03, 350.53 ,18802992.0, 265719 ,1769492
20161209 ,350.19, 350.28, 348.94, 349.55 ,18772420.8, 261099 ,2031630
20161212 ,349.46, 349.75, 342.27, 342.66 ,40717612.8, 603696 ,3276800
20161213 ,342.41, 344.78, 342.07, 344.49 ,26113947.2, 394558 ,655397
20161214 ,344.45, 346.48, 343.65, 344.98 ,31490313.6, 468817 ,1507352
20161215 ,344.84, 347.03, 344.65, 345.41 ,28552617.6, 407847 ,720933
20161216 ,345.57, 347.02, 345.07, 346.73 ,31494281.6, 443965 ,786466
20161219 ,347.21, 347.21, 344.48, 344.66 ,31738796.8, 427318 ,2555916
20161220 ,344.34, 344.43, 341.63, 342.01 ,20228908.8, 278690 ,2359303
20161221 ,342.27, 344.13, 342.27, 343.73 ,18837932.8, 243486 ,327724
20161222 ,343.45, 345.52, 342.84, 345.23 ,26943644.8, 341605 ,983071
20161223 ,345.25, 345.25, 342.07, 342.67 ,23372499.2, 302153 ,2883590
20161226 ,341.61, 343.27, 341.08, 343.1 ,16957846.4, 251553 ,983070
20161227 ,342.86, 344.29, 342.86, 343.72 ,15684024.0, 217467 ,1114138
20161228 ,343.73, 343.83, 341.01, 341.1 ,15407683.2, 217885 ,2228235
20161229 ,341.3, 342.59, 341.05, 341.85 ,13866632.0, 196035 ,852001
20161230 ,341.64, 342.67, 340.97, 341.8 ,15558990.4, 216016 ,1703956
20170103 ,341.85, 343.94, 341.66, 343.76 ,20853846.4, 303795 ,327724
20170104 ,343.67, 344.93, 342.75, 344.84 ,26732675.2, 398302 ,327720
20170105 ,344.9, 345.52, 344.53, 345.3 ,22693587.2, 330604 ,1245208
20170106 ,344.97, 345.25, 343.38, 343.64 ,22462662.4, 320365 ,2883589
20170109 ,343.71, 344.65, 343.38, 344.65 ,17684392.0, 274409 ,786465
20170110 ,344.68, 345.17, 344.09, 344.3 ,18834630.4, 288875 ,1966097
20170111 ,344.14, 344.14, 342.41, 342.43 ,18238988.8, 288436 ,2818053
20170112 ,342.4, 343.39, 341.55, 341.93 ,15634184.0, 223631 ,2162702
20170113 ,341.93, 342.08, 338.91, 339.39 ,18414939.2, 265290 ,3014660
20170116 ,338.86, 338.89, 325.76, 330.43 ,46243750.4, 679131 ,3145731
20170117 ,330.02, 332.32, 329.07, 332.15 ,22680342.4, 332865 ,393259
20170118 ,332.06, 333.42, 331.11, 332.42 ,14267739.2, 227086 ,1507351
20170119 ,332.08, 332.8, 331.54, 332.06 ,13545049.6, 184705 ,1507342
20170120 ,332.08, 335.84, 331.49, 334.96 ,15841169.6, 215654 ,65584
20170123 ,334.85, 337.74, 334.85, 337.31 ,15094720.0, 235801 ,524329
20170124 ,337.58, 338.3, 337.11, 337.97 ,15143878.4, 222528 ,1900557
20170125 ,337.79, 338.77, 337.64, 338.66 ,7820993.6, 112755 ,1114141
20170126 ,338.54, 338.95, 337.74, 338.51 ,17503384.0, 275793 ,1245210
20170203 ,338.86, 338.93, 336.0, 336.63 ,18016579.2, 280959 ,2686984
20170206 ,335.89, 337.84, 335.53, 337.58 ,14162644.8, 220447 ,720930
20170207 ,337.57, 338.26, 336.87, 337.63 ,13495916.8, 177629 ,1572885
20170208 ,337.48, 338.92, 336.16, 338.7 ,15613489.6, 245533 ,720930
20170209 ,338.81, 340.49, 338.56, 340.49 ,19297001.6, 316268 ,393258
20170210 ,340.68, 342.49, 340.46, 341.8 ,28182476.8, 444319 ,1572885
20170213 ,342.03, 344.6, 342.03, 344.41 ,26101964.8, 374518 ,327723
20170214 ,344.96, 345.08, 343.54, 344.62 ,22771844.8, 347005 ,1638421
20170215 ,344.58, 346.57, 344.11, 344.75 ,36796905.6, 514749 ,1376281
20170216 ,344.76, 345.93, 344.06, 345.0 ,30561216.0, 445041 ,1703953
20170217 ,344.99, 345.89, 343.48, 343.97 ,25587851.2, 375660 ,3014658
20170220 ,343.95, 347.66, 343.95, 347.62 ,41776438.4, 581355 ,852001
20170221 ,347.55, 348.88, 346.73, 348.82 ,41920163.2, 548087 ,655394
20170222 ,348.81, 349.1, 347.75, 349.09 ,35227036.8, 484283 ,1703954
20170223 ,349.0, 349.32, 347.99, 349.07 ,33192163.2, 460265 ,2162701
20170224 ,348.93, 349.4, 345.92, 347.93 ,35805542.4, 483785 ,1638419
20170227 ,348.04, 348.41, 345.97, 346.2 ,29106336.0, 403066 ,2555913
20170228 ,346.24, 348.26, 346.24, 348.01 ,23425382.4, 326050 ,1114142
20170301 ,348.1, 350.84, 347.7, 350.08 ,35746438.4, 499345 ,393253
20170302 ,350.28, 350.38, 347.61, 347.77 ,22449089.6, 325658 ,2424841
20170303 ,347.34, 347.47, 346.13, 346.87 ,22830920.0, 316998 ,1441811
20170306 ,346.84, 348.93, 346.76, 348.53 ,21252532.8, 303091 ,458788
20170307 ,348.62, 349.0, 347.39, 348.16 ,18109268.8, 244356 ,1638419
20170308 ,347.95, 348.19, 346.82, 347.05 ,18427481.6, 268972 ,2228232
20170309 ,346.78, 346.95, 344.87, 345.8 ,18155080.0, 249780 ,2490374
20170310 ,345.6, 346.81, 345.56, 346.71 ,14675268.8, 190654 ,1114134
20170313 ,346.67, 347.83, 345.38, 347.7 ,17856518.4, 232774 ,917534
20170314 ,347.51, 348.05, 346.82, 347.12 ,22675441.6, 382090 ,1638418
20170315 ,347.22, 347.28, 345.77, 346.28 ,20718859.2, 321386 ,2228232
20170316 ,347.08, 350.22, 347.08, 350.14 ,28362716.8, 384140 ,48
20170317 ,350.21, 350.63, 348.58, 349.18 ,31643932.8, 419759 ,1769492
20170320 ,349.66, 350.28, 348.26, 349.78 ,17277982.4, 225193 ,1441810
20170321 ,349.79, 351.16, 349.6, 351.0 ,18059193.6, 234877 ,1179673
20170322 ,350.59, 350.59, 348.23, 349.5 ,27609811.2, 397195 ,2686983
20170323 ,348.89, 350.33, 335.7, 343.37 ,83035833.6, 1202407 ,3080195
20170324 ,342.41, 343.89, 340.69, 343.53 ,33746947.2, 531988 ,1179678
20170327 ,343.79, 345.73, 342.0, 342.08 ,31461532.8, 448587 ,1507353
20170328 ,341.95, 342.34, 340.8, 341.49 ,16886131.2, 237780 ,2031629
20170329 ,341.51, 342.47, 339.17, 339.48 ,31709123.2, 528343 ,2424844
20170330 ,339.12, 339.66, 334.66, 336.72 ,38037772.8, 604666 ,2686985
20170331 ,336.72, 338.38, 336.54, 337.41 ,22898692.8, 372511 ,1179675
20170405 ,338.19, 345.44, 338.19, 345.3 ,43653292.8, 674470 ,65585
20170406 ,345.09, 345.47, 343.9, 345.0 ,24933203.2, 391500 ,1769494
20170407 ,344.83, 345.34, 343.76, 345.0 ,20977667.2, 298292 ,1441814
20170410 ,344.91, 345.3, 343.73, 344.16 ,22888019.2, 342131 ,2359307
20170411 ,344.24, 344.59, 340.62, 344.2 ,29159520.0, 440341 ,1114138
20170412 ,344.19, 344.64, 342.81, 343.88 ,21210916.8, 307404 ,2097168
20170413 ,343.8, 344.58, 343.33, 343.77 ,15280288.0, 221386 ,1572881
20170414 ,343.64, 344.09, 340.25, 340.4 ,23534331.2, 351347 ,2883587
20170417 ,340.18, 340.38, 338.08, 339.05 ,18080782.4, 277084 ,2359305
20170418 ,338.93, 341.23, 338.93, 339.52 ,14315377.6, 204562 ,1507350
20170419 ,338.98, 338.98, 334.0, 336.73 ,31406563.2, 491441 ,2490378
20170420 ,336.78, 337.69, 334.93, 336.99 ,17571286.4, 258159 ,1703956
20170421 ,336.9, 338.01, 336.5, 337.17 ,11323513.6, 154941 ,1310739
20170424 ,337.04, 337.04, 332.38, 332.92 ,19294692.8, 280853 ,3080192
20170425 ,332.8, 334.59, 332.8, 333.71 ,16498641.6, 242538 ,983070
20170426 ,333.68, 335.37, 332.95, 335.11 ,17108180.8, 244674 ,852000
20170427 ,335.07, 336.23, 331.61, 336.15 ,22241262.4, 333160 ,1245213
20170428 ,336.35, 336.35, 334.56, 335.13 ,18183734.4, 230896 ,1966096
20170502 ,334.64, 335.31, 333.03, 333.29 ,15715420.8, 227024 ,2162698
20170503 ,333.18, 334.49, 332.47, 333.82 ,14210283.2, 213369 ,1441818
20170504 ,333.71, 335.31, 333.05, 334.53 ,13596721.6, 196994 ,1048601
20170505 ,334.25, 334.25, 328.82, 329.29 ,29168345.6, 451690 ,2490378
20170508 ,329.07, 329.07, 324.51, 324.91 ,20365228.8, 323923 ,2686982
20170509 ,324.01, 325.37, 322.49, 325.21 ,17032915.2, 279520 ,1769492
20170510 ,325.17, 326.5, 322.2, 322.55 ,14352435.2, 227627 ,2490378
20170511 ,322.12, 322.84, 317.85, 322.62 ,20201073.6, 315280 ,1835029
20170512 ,322.43, 323.32, 321.33, 321.92 ,13455497.6, 204127 ,2228237
20170515 ,321.83, 323.2, 321.61, 321.7 ,9396891.2, 141115 ,1703953
20170516 ,321.61, 325.38, 319.04, 325.27 ,19170582.4, 287939 ,524330
20170517 ,325.54, 327.7, 325.3, 326.51 ,15873867.2, 229954 ,589860
20170518 ,325.28, 326.23, 324.28, 325.52 ,9575756.0, 142992 ,2621448
20170519 ,325.49, 326.06, 325.05, 325.71 ,7059292.8, 109702 ,1572885
20170522 ,325.47, 325.88, 321.12, 321.82 ,11517428.8, 177773 ,3211265
20170523 ,321.76, 321.86, 315.89, 316.14 ,18524452.8, 287311 ,3342336
20170524 ,316.02, 316.61, 312.84, 316.35 ,15166486.4, 230092 ,1507351
20170525 ,316.4, 320.53, 315.22, 320.39 ,16415708.8, 259070 ,196656
20170526 ,319.98, 321.09, 319.79, 320.83 ,8817194.4, 146577 ,1441816
20170531 ,321.83, 324.08, 320.71, 320.96 ,24354360.0, 332464 ,1310749
20170601 ,320.9, 320.9, 315.01, 315.23 ,17136203.2, 260419 ,3145731
20170602 ,315.09, 317.71, 314.2, 317.38 ,12381616.0, 193017 ,589865
20170605 ,317.26, 318.58, 317.11, 318.22 ,8568273.6, 122974 ,852001
20170606 ,318.06, 318.19, 317.29, 318.16 ,6600981.2, 97860 ,1507351
20170607 ,317.92, 323.87, 317.92, 323.82 ,21968779.2, 322091 ,50
20170608 ,323.84, 324.28, 322.79, 323.53 ,11776547.2, 186090 ,1507348
20170609 ,323.29, 325.51, 323.05, 324.96 ,19414080.0, 263885 ,589858
20170612 ,324.31, 324.32, 320.82, 321.08 ,14085612.8, 178882 ,3080194
20170613 ,321.53, 323.65, 320.68, 323.24 ,15101118.4, 197948 ,589862
20170614 ,322.16, 322.55, 320.96, 321.34 ,14033913.6, 225175 ,1966097
20170615 ,321.3, 323.43, 321.2, 323.06 ,12004866.4, 175507 ,196653
20170616 ,322.94, 324.2, 322.29, 322.64 ,15731052.8, 221799 ,1835022
20170619 ,322.61, 324.11, 322.16, 324.05 ,11828835.2, 166037 ,917535
20170620 ,324.26, 324.88, 323.54, 323.78 ,10739331.2, 141183 ,1441817
20170621 ,323.9, 324.84, 323.4, 324.08 ,12184497.6, 180939 ,1048605
20170622 ,323.98, 326.11, 323.41, 323.41 ,25052112.0, 335793 ,2555913
20170623 ,323.21, 323.5, 321.02, 323.06 ,19472246.4, 267327 ,2031629
20170626 ,322.87, 326.38, 322.83, 326.31 ,22488849.6, 266576 ,196652
20170627 ,326.5, 327.13, 325.92, 327.09 ,15725204.8, 202387 ,786463
20170628 ,327.01, 327.01, 325.55, 325.87 ,10266984.0, 138240 ,2555909
20170629 ,326.05, 327.13, 325.95, 327.08 ,15937686.4, 224161 ,720928
20170630 ,327.01, 327.39, 325.97, 327.27 ,15330300.8, 207452 ,1376279
20170703 ,327.58, 327.88, 326.59, 327.65 ,12465256.8, 179289 ,1245210
20170704 ,327.77, 328.05, 326.67, 327.06 ,14238440.0, 197386 ,1966096
20170705 ,326.98, 329.59, 326.74, 329.39 ,18610240.0, 277454 ,458794
20170706 ,329.66, 330.68, 328.93, 330.24 ,22133243.2, 326270 ,1769493
20170707 ,329.76, 330.91, 329.07, 330.74 ,19276673.6, 281997 ,852002
20170710 ,330.82, 331.87, 329.89, 330.08 ,26916876.8, 378396 ,1835027
20170711 ,329.91, 330.62, 327.72, 327.95 ,21685467.2, 298357 ,2686982
20170712 ,327.88, 329.11, 326.8, 327.84 ,17420710.4, 245214 ,1966099
20170713 ,327.32, 330.07, 327.32, 329.64 ,19004524.8, 278047 ,852004
20170714 ,329.46, 330.04, 329.11, 329.76 ,11513440.8, 161358 ,1900560
20170717 ,329.03, 329.17, 321.23, 321.63 ,33777433.6, 521999 ,3211266
20170718 ,321.27, 324.6, 321.26, 324.44 ,17289963.2, 264590 ,393260
20170719 ,324.47, 329.24, 324.34, 328.95 ,30048726.4, 457392 ,65584
20170720 ,328.99, 329.75, 328.36, 329.29 ,19437353.6, 305828 ,1376278
20170721 ,329.81, 330.15, 328.84, 329.58 ,21745344.0, 330365 ,2031629
20170724 ,329.87, 330.59, 329.55, 330.55 ,24106192.0, 370980 ,655398
20170725 ,330.46, 330.97, 328.57, 329.37 ,14626561.6, 226755 ,2359310
20170726 ,329.72, 330.34, 328.7, 329.81 ,14930940.8, 235715 ,1310747
20170727 ,329.68, 331.63, 329.2, 331.36 ,23857627.2, 386241 ,393258
20170728 ,331.65, 334.32, 331.65, 334.29 ,29372406.4, 442383 ,458793
20170731 ,334.98, 336.06, 334.5, 335.83 ,25129673.6, 372882 ,1179676
20170801 ,335.77, 336.26, 334.52, 335.42 ,28424627.2, 418496 ,1245207
20170802 ,335.51, 335.6, 333.73, 333.95 ,22489577.6, 371380 ,2490378
20170803 ,333.86, 334.83, 333.49, 334.08 ,19531168.0, 320392 ,1310744
20170804 ,334.1, 335.69, 333.8, 333.95 ,20193532.8, 328559 ,1900563
20170807 ,333.96, 334.59, 333.02, 334.54 ,13573614.4, 202393 ,1441814
20170808 ,334.75, 335.05, 334.1, 334.76 ,16454140.8, 254511 ,1507346
20170809 ,334.84, 336.26, 334.61, 336.24 ,19406779.2, 287651 ,1376282
20170810 ,336.03, 336.73, 334.31, 335.49 ,23480310.4, 380490 ,2621450
20170811 ,334.91, 334.91, 331.35, 331.51 ,31453724.8, 483917 ,2752517
20170814 ,331.81, 335.05, 331.72, 334.93 ,22362910.4, 367943 ,65584
20170815 ,334.83, 335.32, 334.19, 334.53 ,17268371.2, 274578 ,1507348
20170816 ,334.42, 335.04, 333.88, 334.75 ,18583886.4, 306186 ,1441815
20170817 ,335.22, 336.89, 335.22, 336.88 ,21586668.8, 344210 ,327718
20170818 ,336.39, 337.64, 335.93, 337.54 ,22907011.2, 333466 ,1179677
20170821 ,337.96, 339.08, 337.93, 339.07 ,22650408.0, 340442 ,1310746
20170822 ,339.02, 339.09, 337.72, 338.08 ,18059657.6, 267089 ,2293769
20170823 ,337.69, 338.02, 336.11, 337.18 ,13892764.8, 220126 ,2293771
20170824 ,337.56, 338.02, 336.08, 336.44 ,18498547.2, 270741 ,2293772
20170825 ,336.47, 339.26, 336.47, 339.15 ,25367180.8, 366896 ,262187
20170828 ,338.96, 342.34, 338.96, 341.93 ,31925427.2, 458183 ,262187
20170829 ,341.61, 341.92, 340.41, 340.81 ,21797265.6, 322398 ,2359306
20170830 ,340.81, 344.12, 340.68, 343.62 ,36108566.4, 511847 ,655396
20170831 ,343.75, 345.4, 343.26, 345.2 ,34160780.8, 470484 ,1179675
20170901 ,345.55, 347.2, 344.88, 345.06 ,44839558.4, 572334 ,1703957
20170904 ,345.33, 346.07, 344.05, 344.6 ,34222467.2, 465311 ,2293775
20170905 ,344.9, 346.5, 344.54, 346.45 ,28169817.6, 384425 ,1310746
20170906 ,346.03, 348.03, 345.73, 347.83 ,34146284.8, 458166 ,1769491
20170907 ,347.7, 348.96, 347.04, 347.44 ,36361411.2, 495197 ,1572886
20170908 ,347.84, 358.14, 347.84, 355.51 ,83810886.4, 1179410 ,65586
20170911 ,355.54, 359.78, 355.24, 359.71 ,48895120.0, 668118 ,131120
20170912 ,360.05, 360.49, 357.38, 357.91 ,42528812.8, 568656 ,2555913
20170913 ,357.66, 359.61, 357.23, 359.53 ,42368742.4, 590045 ,720928
20170914 ,359.33, 361.39, 357.61, 358.04 ,56864153.6, 794810 ,2097166
20170915 ,357.73, 357.86, 354.08, 355.2 ,50412761.6, 655311 ,2228240
20170918 ,355.09, 356.88, 354.82, 356.26 ,28277350.4, 376025 ,983070
20170919 ,356.44, 357.76, 356.09, 356.49 ,24411660.8, 338196 ,1638420
20170920 ,356.56, 359.17, 354.78, 359.12 ,34856320.0, 443311 ,1179674
20170921 ,358.79, 360.76, 358.44, 358.7 ,40959984.0, 516488 ,2031633
20170922 ,358.01, 358.3, 355.95, 357.82 ,26297928.0, 354825 ,2293769
20170925 ,358.0, 358.0, 354.04, 354.2 ,41058902.4, 585403 ,3014660
20170926 ,354.17, 355.62, 354.17, 355.42 ,23183939.2, 328423 ,1048607
20170927 ,355.33, 358.96, 355.13, 358.95 ,30802931.2, 410289 ,196651
20170928 ,358.94, 359.54, 358.19, 359.3 ,22835283.2, 309407 ,1376284
20170929 ,359.31, 361.98, 359.31, 361.63 ,27781574.4, 404650 ,51
20171009 ,363.12, 364.7, 362.78, 363.16 ,45316435.2, 704435 ,786468
20171010 ,363.11, 363.61, 361.89, 363.48 ,30182819.2, 453761 ,1114143
20171011 ,363.19, 363.58, 362.58, 362.88 ,26420468.8, 420827 ,1835025
20171012 ,362.67, 363.21, 357.18, 359.02 ,43685014.4, 596717 ,2883589
20171013 ,358.83, 360.18, 358.77, 360.1 ,18319064.0, 276457 ,786467
20171016 ,360.09, 360.47, 355.98, 356.52 ,27563161.6, 404135 ,2883590
20171017 ,355.48, 356.31, 350.8, 351.31 ,36637248.0, 523570 ,2686984
20171018 ,351.44, 352.75, 348.6, 349.02 ,28605500.8, 437887 ,2424840
20171019 ,349.0, 349.62, 346.72, 347.02 ,22460915.2, 337860 ,2490378
20171020 ,347.3, 352.92, 347.16, 352.89 ,37210761.6, 510399 ,131118
20171023 ,353.22, 353.4, 351.42, 352.01 ,27375798.4, 360445 ,1966092
20171024 ,351.96, 352.32, 350.82, 351.32 ,16107664.0, 226072 ,2686983
20171025 ,351.37, 354.42, 351.01, 354.31 ,24548720.0, 323609 ,393256
20171026 ,354.62, 356.42, 353.94, 356.29 ,33031504.0, 425976 ,786466
20171027 ,356.28, 356.34, 353.01, 353.37 ,24355708.8, 315474 ,2097163
20171030 ,352.99, 353.41, 348.58, 349.02 ,34207424.0, 521240 ,3080195
20171031 ,348.46, 351.3, 348.46, 350.58 ,28284422.4, 386412 ,655397
20171101 ,350.78, 351.77, 350.41, 350.61 ,22054894.4, 316464 ,1441817
20171102 ,351.1, 351.49, 347.57, 347.82 ,27296780.8, 369419 ,3014658
20171103 ,347.78, 348.52, 343.72, 344.98 ,27641449.6, 378432 ,2424841
20171106 ,344.95, 346.63, 343.22, 346.33 ,23732550.4, 335673 ,1179674
20171107 ,346.55, 349.0, 346.05, 348.91 ,22265433.6, 338141 ,458790
20171108 ,349.02, 350.9, 348.62, 349.86 ,23795920.0, 368509 ,1114140
20171109 ,349.93, 352.55, 349.93, 352.28 ,30883168.0, 433472 ,852002
20171110 ,352.32, 352.95, 351.83, 352.84 ,23804115.2, 340958 ,1245212
20171113 ,352.98, 354.14, 352.34, 354.09 ,32823081.6, 442348 ,1769490
20171114 ,354.23, 355.08, 352.02, 352.8 ,35986668.8, 501143 ,2359309
20171115 ,352.65, 352.65, 349.91, 350.0 ,24810016.0, 350911 ,2621446
20171116 ,349.77, 351.02, 349.44, 349.62 ,19115276.8, 284266 ,1507351
20171117 ,349.56, 350.43, 341.54, 342.1 ,36297657.6, 519683 ,3145730
20171120 ,341.41, 342.77, 336.78, 342.7 ,26109897.6, 385248 ,1703956
20171121 ,342.35, 343.62, 341.78, 343.07 ,19339812.8, 290987 ,1572885
20171122 ,343.18, 345.42, 342.74, 344.22 ,20140329.6, 298259 ,1376281
20171123 ,344.03, 344.93, 340.16, 340.24 ,23856705.6, 350878 ,2949124
20171124 ,339.72, 342.13, 339.55, 341.78 ,18229270.4, 261924 ,1048609
20171127 ,341.96, 342.27, 337.05, 337.32 ,17639236.8, 259345 ,2883586
20171128 ,337.31, 340.67, 337.18, 340.55 ,14115388.8, 197047 ,393259
20171129 ,340.51, 341.9, 339.57, 341.53 ,18575075.2, 245341 ,1310746
20171130 ,341.81, 342.79, 339.74, 341.38 ,21285660.8, 265659 ,1900561
20171201 ,340.83, 342.93, 340.54, 342.57 ,11273604.8, 151501 ,524326
20171204 ,342.96, 343.18, 340.26, 341.03 ,14565411.2, 214403 ,2359307
20171205 ,341.06, 341.17, 332.77, 333.49 ,26065856.0, 389592 ,3211264
20171206 ,333.0, 334.7, 331.15, 334.51 ,18684372.8, 272879 ,1245212
20171207 ,334.21, 334.46, 332.25, 332.58 ,10208030.4, 147508 ,1638418
20171208 ,332.43, 335.77, 332.32, 335.35 ,12667442.4, 180011 ,262188
20171211 ,335.57, 338.19, 335.57, 338.09 ,13405456.0, 196412 ,589863
20171212 ,338.27, 338.3, 336.21, 336.84 ,11489606.4, 147936 ,2359306
20171213 ,336.74, 337.53, 335.61, 337.38 ,13671764.8, 182967 ,1179675
20171214 ,336.91, 337.68, 336.03, 336.76 ,9189749.6, 123557 ,1966098
20171215 ,336.76, 337.16, 334.8, 336.65 ,17321628.8, 216586 ,2293773
20171218 ,336.45, 337.94, 336.21, 337.15 ,11931155.2, 168933 ,1310745
20171219 ,336.98, 338.42, 336.76, 338.32 ,8774468.0, 130848 ,393255
20171220 ,338.34, 338.48, 336.05, 336.61 ,8294596.8, 122542 ,2359302
20171221 ,336.71, 338.48, 335.74, 337.63 ,13028179.2, 194872 ,1441815
20171222 ,337.7, 338.22, 337.33, 337.71 ,7549603.2, 108388 ,1441815
20171225 ,337.42, 338.32, 335.53, 335.96 ,10188076.8, 153003 ,2621448
20171226 ,336.11, 337.82, 335.81, 337.75 ,9497551.2, 153475 ,655396
20171227 ,338.06, 339.07, 337.37, 338.17 ,13761819.2, 177861 ,1966096
20171228 ,338.26, 340.79, 338.06, 340.55 ,16205489.6, 220682 ,327721
20171229 ,340.83, 341.94, 340.78, 341.81 ,11663676.0, 161350 ,196649
20180102 ,342.13, 344.89, 342.0, 344.82 ,17706067.2, 249034 ,327721
20180103 ,344.82, 346.38, 344.82, 345.42 ,21248270.4, 278266 ,720925
20180104 ,345.79, 347.83, 345.04, 347.63 ,16963307.2, 249229 ,524323
20180105 ,347.26, 347.56, 346.35, 346.61 ,18488209.6, 256559 ,2031631
20180108 ,346.83, 348.5, 346.79, 348.03 ,27629769.6, 354945 ,1507346
20180109 ,348.04, 348.55, 346.68, 347.19 ,13704265.6, 193248 ,1769486
20180110 ,346.88, 347.27, 343.99, 345.59 ,18678256.0, 261112 ,2490375
20180111 ,344.96, 345.23, 343.61, 345.15 ,17781137.6, 241318 ,1310739
20180112 ,345.2, 346.07, 344.88, 345.44 ,17868790.4, 248601 ,1900556
20180115 ,345.47, 345.61, 340.77, 341.38 ,23168201.6, 287040 ,2818050
20180116 ,341.28, 344.71, 341.27, 344.5 ,19015924.8, 244141 ,393255
20180117 ,344.31, 345.55, 343.09, 344.88 ,19214641.6, 270902 ,1114136
20180118 ,345.22, 346.91, 345.06, 346.34 ,16079083.2, 220370 ,458786
20180119 ,346.37, 347.85, 346.09, 346.59 ,17626540.8, 235433 ,1376277
20180122 ,346.58, 347.13, 345.69, 346.46 ,23987193.6, 345519 ,1572883
20180123 ,346.57, 347.05, 343.4, 344.1 ,24458192.0, 376829 ,2424838
20180124 ,344.17, 346.15, 344.12, 346.12 ,18315342.4, 269404 ,458787
20180125 ,346.39, 347.85, 346.25, 347.44 ,31669244.8, 387684 ,1638418
20180126 ,347.17, 348.39, 346.79, 347.89 ,16374688.0, 242421 ,917530
20180129 ,347.71, 349.67, 346.56, 347.01 ,29835161.6, 396553 ,2490372
20180130 ,346.96, 347.89, 346.61, 347.12 ,18621051.2, 235449 ,1310742
20180131 ,346.93, 346.93, 343.92, 344.75 ,24454616.0, 376966 ,2555911
20180201 ,344.71, 346.77, 335.63, 335.82 ,44767056.0, 648519 ,2949120
20180202 ,335.33, 339.29, 333.03, 339.14 ,35427526.4, 508399 ,851999
20180205 ,337.11, 338.91, 335.63, 338.46 ,22395896.0, 321613 ,1900556
20180206 ,335.43, 335.58, 327.55, 327.84 ,43501209.6, 627496 ,3014656
20180207 ,329.83, 332.82, 325.54, 326.67 ,30324489.6, 428944 ,1376279
20180208 ,326.15, 328.0, 324.57, 325.86 ,24458065.6, 377449 ,786465
20180209 ,321.68, 321.68, 312.72, 316.05 ,41312768.0, 647571 ,3014657
20180212 ,316.14, 321.3, 316.14, 320.64 ,19669995.2, 308674 ,131117
20180213 ,321.43, 325.16, 321.43, 322.9 ,18487046.4, 296096 ,393253
20180214 ,322.95, 324.32, 321.22, 324.02 ,11952859.2, 182892 ,1048599
20180222 ,325.66, 327.47, 325.55, 327.25 ,18633971.2, 252427 ,196651
20180223 ,327.27, 328.53, 326.15, 328.45 ,16539656.0, 248931 ,1114136
20180226 ,328.88, 330.9, 327.9, 330.75 ,18899267.2, 289581 ,262183
20180227 ,330.39, 330.82, 327.68, 328.06 ,22568883.2, 352584 ,1966092
20180228 ,327.55, 328.8, 325.89, 327.93 ,21254788.8, 301879 ,1703953
20180301 ,327.21, 329.39, 326.34, 329.27 ,26052740.8, 353552 ,589862
20180302 ,328.73, 328.73, 327.57, 328.33 ,17036116.8, 255044 ,2031629
20180305 ,328.3, 328.93, 325.49, 326.07 ,19749348.8, 276800 ,1769487
20180306 ,326.32, 329.31, 326.02, 329.31 ,20870721.6, 296902 ,458791
20180307 ,329.14, 329.47, 327.58, 327.78 ,12525341.6, 192229 ,2031631
20180308 ,327.74, 328.64, 327.41, 328.63 ,9376212.0, 151156 ,851998
20180309 ,328.44, 331.19, 328.05, 330.72 ,17015289.6, 260543 ,327721
20180312 ,332.44, 336.8, 332.44, 336.78 ,33108531.2, 514810 ,48
20180313 ,336.67, 336.67, 334.86, 335.11 ,17920774.4, 280259 ,2424841
20180314 ,335.15, 335.18, 334.24, 334.38 ,18517712.0, 266454 ,2162698
20180315 ,334.24, 334.24, 332.18, 333.72 ,16213872.0, 261182 ,1835027
20180316 ,333.69, 334.28, 329.86, 331.35 ,22980174.4, 365384 ,2097168
20180319 ,330.71, 331.17, 328.93, 329.31 ,19970433.6, 278463 ,1835023
20180320 ,328.65, 329.72, 326.76, 329.49 ,18215884.8, 270271 ,1703956
20180321 ,329.43, 331.4, 327.76, 328.05 ,18250104.0, 294174 ,1703955
20180322 ,328.26, 329.67, 327.5, 329.16 ,14613036.8, 213090 ,917535
20180323 ,324.68, 325.51, 317.23, 320.37 ,39200694.4, 630662 ,3014658
20180326 ,318.38, 321.52, 315.91, 321.46 ,16853467.2, 267768 ,1114141
20180327 ,322.21, 325.65, 322.21, 324.67 ,17868704.0, 265938 ,65583
20180328 ,324.0, 324.4, 322.13, 322.52 ,9987749.6, 146986 ,2621444
20180329 ,322.45, 324.83, 321.63, 324.77 ,15763960.0, 217189 ,327719
20180330 ,324.84, 327.1, 324.42, 326.87 ,14939339.2, 219616 ,524323
20180402 ,326.74, 328.27, 326.59, 327.4 ,14385040.0, 229802 ,1572884
20180403 ,326.13, 326.35, 324.22, 326.0 ,13274152.0, 199164 ,2097162
20180404 ,326.21, 327.07, 325.1, 325.36 ,11980117.6, 196160 ,1703954
20180409 ,324.57, 325.57, 323.63, 325.15 ,13071082.4, 201809 ,2162699
20180410 ,325.3, 326.5, 324.52, 325.62 ,14881048.0, 226234 ,1245206
20180411 ,325.96, 327.52, 325.96, 326.7 ,14538998.4, 209848 ,851997
20180412 ,326.88, 326.88, 325.18, 325.91 ,9768947.2, 150750 ,2228234
20180413 ,325.78, 327.22, 325.76, 326.46 ,13310070.4, 193026 ,1572883
20180416 ,326.23, 326.23, 321.68, 323.11 ,18513513.6, 259328 ,2621445
20180417 ,323.63, 324.12, 320.23, 320.77 ,13561433.6, 233973 ,2752517
20180418 ,320.98, 321.89, 317.44, 320.36 ,20967889.6, 316228 ,1245208
20180419 ,320.42, 322.43, 320.28, 322.06 ,12591531.2, 216053 ,655394
20180420 ,321.89, 321.89, 318.28, 318.62 ,12022934.4, 213619 ,2686980
20180423 ,318.55, 319.2, 315.27, 316.71 ,13309434.4, 216889 ,2293771
20180424 ,316.78, 321.12, 316.78, 320.95 ,14570920.0, 224862 ,65581
20180425 ,320.74, 320.74, 319.59, 320.32 ,9779086.4, 136200 ,1835022
20180426 ,320.09, 320.47, 317.43, 317.8 ,7981600.8, 140479 ,2686982
20180427 ,317.35, 319.14, 316.99, 318.89 ,11339669.6, 205446 ,655396
20180502 ,318.79, 318.79, 314.78, 316.03 ,11440544.8, 192806 ,2359306
20180503 ,316.11, 317.24, 314.31, 317.13 ,11686474.4, 188886 ,720926
20180504 ,317.13, 317.35, 316.03, 316.53 ,7112390.4, 109624 ,1703954
20180507 ,316.6, 319.88, 316.4, 319.85 ,14434310.4, 203154 ,393253
20180508 ,319.73, 321.43, 319.66, 321.29 ,12384753.6, 207512 ,589859
20180509 ,321.16, 321.29, 319.95, 320.91 ,10059473.6, 164691 ,2031628
20180510 ,321.09, 322.54, 321.09, 322.0 ,13675464.0, 196018 ,1048605
20180511 ,322.26, 322.41, 321.15, 321.41 ,10631301.6, 157662 ,1835021
20180514 ,321.19, 321.9, 320.69, 321.0 ,14613537.6, 209019 ,2031629
20180515 ,321.34, 321.82, 320.22, 320.95 ,14874361.6, 223242 ,1179674
20180516 ,320.77, 321.52, 320.27, 320.32 ,13760518.4, 201336 ,1769488
20180517 ,320.09, 320.41, 318.07, 318.49 ,15052019.2, 224330 ,1835020
20180518 ,318.52, 320.23, 318.21, 319.91 ,15826796.8, 226943 ,1441813
20180521 ,319.88, 321.99, 319.88, 321.39 ,15245867.2, 227563 ,393254
20180522 ,321.43, 321.48, 320.16, 321.25 ,8105444.0, 121353 ,1572879
20180523 ,321.0, 321.0, 318.3, 318.56 ,14528374.4, 230939 ,2162698
20180524 ,318.66, 319.08, 317.63, 317.95 ,15342379.2, 227541 ,2031629
20180525 ,318.02, 318.34, 316.46, 316.69 ,22931481.6, 335786 ,2359305
20180528 ,316.66, 317.51, 315.24, 316.45 ,17133452.8, 250829 ,2031627
20180529 ,316.34, 317.51, 316.25, 316.52 ,14058441.6, 196528 ,1638419
20180530 ,315.51, 315.51, 308.73, 309.2 ,26855056.0, 396822 ,3080192
20180531 ,309.63, 312.16, 306.12, 309.06 ,95811315.2, 1189777 ,1179673
20180601 ,309.03, 309.2, 304.08, 304.57 ,18552140.8, 253259 ,2818051
20180604 ,304.94, 306.93, 304.94, 306.01 ,15562174.4, 213810 ,1376275
20180605 ,306.05, 309.86, 305.8, 309.69 ,12187780.0, 172229 ,196651
20180606 ,309.77, 310.5, 309.34, 309.79 ,9985622.4, 133203 ,1769487
20180607 ,310.09, 311.11, 309.51, 309.76 ,11916609.6, 152782 ,1638419
20180608 ,309.75, 309.75, 306.95, 308.63 ,10672464.8, 143780 ,2490375
20180611 ,308.1, 308.13, 306.52, 306.96 ,8053291.2, 123837 ,1966092
20180612 ,306.79, 309.26, 306.02, 309.18 ,14410315.2, 192225 ,393249
20180613 ,309.08, 309.17, 307.76, 307.97 ,12094896.0, 161414 ,2293770
20180614 ,307.76, 309.36, 306.84, 307.61 ,12708768.8, 213114 ,1703950
20180615 ,307.17, 307.3, 302.25, 303.27 ,27038457.6, 401350 ,2752514
20180619 ,301.53, 301.53, 284.14, 287.01 ,32462982.4, 518515 ,2949120
20180620 ,286.48, 291.23, 286.48, 289.9 ,13851796.8, 226043 ,196643
20180621 ,289.74, 292.04, 285.21, 285.74 ,14610116.8, 230467 ,2752515
20180622 ,285.26, 289.77, 284.93, 289.63 ,12529193.6, 207964 ,196650
20180625 ,289.61, 291.37, 287.88, 288.29 ,9809548.0, 150177 ,1441807
20180626 ,287.59, 289.18, 285.73, 288.26 ,11762176.8, 179602 ,917532
20180627 ,288.26, 290.18, 287.59, 288.07 ,9103924.8, 149246 ,917532
20180628 ,287.93, 289.8, 287.63, 287.97 ,9046642.4, 139101 ,1638415
20180629 ,288.01, 295.26, 288.01, 295.0 ,17461827.2, 262376 ,45
20180702 ,294.72, 295.26, 290.06, 291.46 ,11453215.2, 164511 ,2818050
20180703 ,291.31, 292.54, 288.1, 292.44 ,11906961.6, 163954 ,524322
20180704 ,292.43, 292.59, 289.12, 289.4 ,8176424.8, 124248 ,2621444
20180705 ,289.47, 290.15, 286.64, 286.82 ,10363588.0, 158395 ,2555908
20180706 ,286.36, 288.32, 283.47, 286.69 ,13665713.6, 201546 ,1114137
20180709 ,287.01, 291.08, 286.9, 291.01 ,11913632.0, 187510 ,131114
20180710 ,291.43, 291.95, 290.43, 291.9 ,10511343.2, 146222 ,1179671
20180711 ,291.49, 291.49, 285.17, 286.76 ,12229070.4, 184939 ,2949120
20180712 ,286.4, 292.51, 286.4, 292.45 ,15288292.8, 219885 ,65581
20180713 ,292.26, 292.89, 291.82, 292.61 ,10095764.0, 143880 ,1441811
20180716 ,290.68, 292.0, 290.58, 290.94 ,13451179.2, 180707 ,1900559
20180717 ,290.49, 290.78, 288.74, 289.99 ,8580349.6, 123170 ,1769490
20180718 ,288.74, 289.8, 288.04, 288.49 ,9159873.6, 131462 ,1310742
20180719 ,288.39, 288.56, 286.3, 286.62 ,9172479.2, 124345 ,2686981
20180720 ,286.46, 287.89, 284.28, 287.72 ,11253585.6, 175604 ,524325
20180723 ,287.49, 289.53, 286.61, 289.44 ,16091166.4, 222239 ,720928
20180724 ,289.09, 292.96, 289.09, 292.78 ,17995806.4, 294168 ,327721
20180725 ,293.06, 293.74, 292.67, 293.31 ,10498598.4, 180883 ,1179670
20180726 ,293.23, 294.18, 292.38, 293.09 ,9724968.0, 237754 ,1376277
20180727 ,293.4, 294.25, 293.22, 293.54 ,9619877.6, 224407 ,1179671
20180730 ,293.44, 294.19, 291.57, 292.32 ,12644539.2, 236758 ,2162699
20180731 ,292.28, 293.31, 292.05, 292.93 ,11079704.0, 195495 ,1376278
20180801 ,292.74, 295.1, 291.62, 291.79 ,16380256.0, 276640 ,2097164
20180802 ,291.67, 291.75, 282.79, 286.93 ,24609228.8, 375976 ,2818052
20180803 ,286.39, 287.29, 284.99, 285.27 ,14601470.4, 244631 ,1769490
20180806 ,285.08, 285.97, 280.37, 280.61 ,14510768.0, 227264 ,2818051
20180807 ,280.77, 286.61, 280.77, 286.2 ,15575772.8, 233149 ,65582
20180808 ,287.0, 288.64, 283.97, 284.56 ,22425889.6, 326863 ,2424840
20180809 ,284.68, 289.03, 284.21, 288.55 ,15355996.8, 233974 ,47
20180810 ,288.44, 290.09, 288.37, 289.31 ,10865076.0, 191416 ,917535
20180813 ,288.91, 288.91, 286.48, 288.81 ,11515374.4, 189786 ,1835022
20180814 ,288.84, 289.85, 288.23, 289.55 ,12859955.2, 210055 ,1376276
20180815 ,289.36, 290.46, 286.18, 286.35 ,18515441.6, 282214 ,2621444
20180816 ,285.51, 286.79, 283.55, 284.91 ,15666296.0, 232731 ,1900559
20180817 ,285.6, 286.69, 282.94, 283.14 ,14547592.0, 204553 ,2293767
20180820 ,283.17, 284.89, 280.58, 283.35 ,14841163.2, 229464 ,983070
20180821 ,283.21, 286.64, 283.21, 286.24 ,12234273.6, 197529 ,458790
20180822 ,286.34, 286.76, 285.31, 285.53 ,7409224.0, 140220 ,2293766
20180823 ,285.59, 286.68, 284.48, 286.34 ,8938690.4, 142590 ,458789
20180824 ,285.98, 286.13, 284.73, 285.35 ,5756777.2, 104205 ,2097162
20180827 ,285.67, 289.38, 285.67, 289.26 ,13012566.4, 214433 ,65582
20180828 ,289.49, 290.2, 288.97, 289.35 ,8149068.0, 131299 ,1376274
20180829 ,288.87, 289.41, 288.07, 288.49 ,11305843.2, 183010 ,2097163
20180830 ,288.55, 289.04, 287.06, 287.61 ,10398536.0, 177841 ,2031630
20180831 ,287.48, 287.78, 285.35, 287.25 ,12972976.0, 208845 ,2162698
20180903 ,286.98, 287.33, 284.89, 286.55 ,8707932.0, 143066 ,1572881
20180904 ,286.53, 289.05, 286.38, 289.04 ,10774632.0, 176670 ,262186
20180905 ,288.87, 289.08, 286.38, 286.62 ,8064622.4, 132986 ,2752514
20180906 ,286.46, 287.39, 285.24, 285.34 ,8785058.4, 123093 ,2097164
20180907 ,285.35, 287.87, 285.2, 285.7 ,8930040.0, 128249 ,917531
20180910 ,285.65, 285.67, 282.24, 282.33 ,12531705.6, 164768 ,2490375
20180911 ,282.0, 282.78, 280.43, 281.38 ,13081884.8, 183401 ,1638414
20180912 ,280.95, 281.4, 279.55, 279.96 ,9082443.2, 132711 ,1310743
20180913 ,280.44, 282.65, 279.77, 282.65 ,10242946.4, 140381 ,262184
20180914 ,282.55, 283.09, 281.56, 281.88 ,7024864.8, 93836 ,1900555
20180917 ,281.79, 281.79, 279.62, 279.84 ,6331244.8, 101824 ,2228230
20180918 ,279.79, 282.95, 279.51, 282.93 ,11442370.4, 176852 ,131114
20180919 ,282.75, 286.03, 282.43, 285.33 ,14147166.4, 221596 ,458790
20180920 ,285.34, 286.05, 284.41, 284.53 ,8383232.0, 123498 ,1769485
20180921 ,284.82, 288.6, 284.82, 288.6 ,15595632.0, 238632 ,47
20180925 ,287.55, 287.55, 285.86, 287.24 ,9420293.6, 140717 ,2359303
20180926 ,286.69, 289.65, 286.69, 288.72 ,17112830.4, 230426 ,786463
20180927 ,288.09, 289.26, 287.78, 288.71 ,12952922.4, 187445 ,1638415
20180928 ,288.01, 290.59, 288.0, 290.2 ,18279054.4, 305061 ,589861
20181008 ,288.45, 288.45, 283.43, 283.43 ,23094336.0, 329283 ,3014656
20181009 ,283.67, 285.75, 283.57, 284.81 ,12443742.4, 177112 ,1179669
20181010 ,284.59, 286.57, 283.81, 285.08 ,16550374.4, 205217 ,1966093
20181011 ,279.96, 281.82, 269.76, 271.15 ,37264947.2, 601492 ,3211264
20181012 ,270.48, 273.19, 265.9, 272.51 ,22617408.0, 331922 ,1310745
20181015 ,272.74, 273.72, 269.56, 269.99 ,10860964.0, 170081 ,2555910
20181016 ,270.07, 271.02, 260.36, 260.77 ,18648616.0, 278904 ,3014659
20181017 ,263.41, 265.46, 259.03, 262.58 ,14733995.2, 230732 ,1048605
20181018 ,262.53, 262.53, 255.03, 255.66 ,14919540.8, 256350 ,3211264
20181019 ,254.46, 262.45, 253.22, 261.76 ,18487566.4, 290420 ,524330
20181022 ,263.0, 275.5, 263.0, 274.01 ,31101388.8, 516682 ,65585
20181023 ,274.4, 274.4, 268.54, 269.94 ,17899856.0, 322264 ,2555910
20181024 ,269.51, 272.63, 268.69, 270.67 ,13436481.6, 240261 ,655390
20181025 ,267.9, 269.74, 265.02, 269.74 ,15996588.8, 264218 ,2031632
20181026 ,270.3, 272.04, 269.36, 270.44 ,9497068.8, 164598 ,1179675
20181029 ,270.12, 270.25, 265.82, 266.61 ,7434821.6, 129674 ,3145730
20181030 ,266.54, 270.69, 264.77, 269.57 ,10645269.6, 181052 ,524328
20181031 ,270.05, 274.07, 269.95, 273.79 ,14544118.4, 258317 ,65584
20181101 ,273.72, 275.28, 273.01, 273.32 ,12585426.4, 236448 ,1441812
20181102 ,274.1, 277.44, 274.1, 277.44 ,19323371.2, 321965 ,49
20181105 ,276.9, 279.35, 276.15, 277.99 ,16778652.8, 361206 ,1179678
20181106 ,278.15, 278.15, 275.51, 277.84 ,20411259.2, 419002 ,1769492
20181107 ,277.65, 277.68, 275.96, 276.25 ,12322042.4, 294365 ,2424842
20181108 ,276.59, 277.99, 275.67, 275.92 ,12333476.8, 307021 ,1310742
20181109 ,275.64, 275.64, 273.49, 273.77 ,13845160.0, 300941 ,2424843
20181112 ,273.63, 276.58, 272.89, 276.54 ,13200210.4, 282053 ,196655
20181113 ,276.14, 280.44, 274.64, 279.38 ,20416164.8, 474882 ,131119
20181114 ,279.45, 282.14, 278.8, 280.27 ,20595732.8, 489516 ,1245212
20181115 ,280.38, 284.48, 279.73, 284.48 ,26122872.0, 543361 ,196655
20181116 ,284.63, 289.6, 284.06, 287.56 ,43230028.8, 754431 ,458794
20181119 ,287.15, 287.83, 285.06, 287.68 ,27579187.2, 500923 ,2031631
20181120 ,285.8, 285.8, 281.48, 281.79 ,22814638.4, 456698 ,3211265
20181121 ,280.32, 283.43, 279.4, 283.43 ,17360510.4, 325424 ,720930
20181122 ,283.35, 284.28, 281.99, 283.67 ,11008906.4, 192510 ,1572884
20181123 ,283.34, 283.34, 276.26, 277.16 ,23054694.4, 455356 ,3276800
20181126 ,276.28, 277.54, 275.18, 276.05 ,12396178.4, 244482 ,2031631
20181127 ,276.07, 278.13, 276.07, 277.23 ,11456434.4, 232647 ,786463
20181128 ,277.17, 279.5, 275.91, 279.5 ,12464934.4, 254071 ,327723
20181129 ,279.79, 280.52, 277.53, 278.11 ,12515760.8, 246567 ,2490379
20181130 ,277.49, 279.79, 277.23, 279.42 ,34981104.0, 528443 ,917533
20181203 ,281.25, 284.82, 281.25, 284.32 ,23778624.0, 406502 ,50
20181204 ,284.27, 285.18, 283.79, 285.18 ,13232997.6, 256793 ,852002
20181205 ,283.11, 283.57, 281.89, 282.71 ,15958092.8, 306861 ,2621448
20181206 ,282.42, 282.42, 279.71, 280.5 ,12241541.6, 225481 ,2752519
20181207 ,280.44, 280.95, 279.85, 280.68 ,6820158.4, 128771 ,1245209
20181210 ,280.28, 280.28, 277.8, 278.29 ,8902540.8, 181351 ,2490375
20181211 ,278.3, 278.97, 278.13, 278.92 ,6943312.0, 144749 ,917529
20181212 ,278.72, 279.85, 278.72, 279.85 ,9133100.0, 164230 ,983068
20181213 ,279.92, 283.1, 279.79, 282.3 ,12891655.2, 202463 ,262187
20181214 ,282.25, 282.25, 278.93, 279.4 ,8132911.2, 156640 ,2949121
20181217 ,279.0, 279.17, 277.36, 278.74 ,6710911.2, 127442 ,1769489
20181218 ,278.57, 279.02, 276.31, 277.34 ,7356682.4, 137964 ,2359305
20181219 ,277.26, 277.71, 276.32, 276.79 ,5727027.6, 107842 ,2097165
20181220 ,276.64, 276.87, 275.5, 276.33 ,9074688.0, 150702 ,1310748
20181221 ,276.28, 276.28, 273.03, 273.15 ,12709911.2, 198427 ,2818055
20181224 ,273.1, 274.35, 272.87, 274.16 ,8102903.2, 144542 ,1048601
20181225 ,273.75, 273.75, 269.03, 271.83 ,12571465.6, 230308 ,2555913
20181226 ,271.6, 272.33, 270.31, 271.14 ,9116823.2, 176531 ,1572883
20181227 ,273.02, 274.15, 270.14, 270.24 ,8173567.2, 165540 ,2162704
20181228 ,270.33, 271.73, 269.99, 271.05 ,8218676.8, 166363 ,983065
20190102 ,271.31, 271.81, 269.32, 269.91 ,8351856.0, 192518 ,1966099
20190103 ,270.05, 271.36, 267.99, 268.66 ,14841848.0, 312146 ,1572887
20190104 ,268.26, 273.01, 266.47, 273.01 ,15653336.0, 357357 ,65585
20190107 ,274.02, 276.15, 274.02, 276.15 ,17172516.8, 401610 ,65582
20190108 ,276.06, 276.08, 274.07, 274.83 ,12426600.0, 311171 ,2293771
20190109 ,274.7, 277.51, 274.64, 275.93 ,17647003.2, 389991 ,655396
20190110 ,275.93, 276.31, 275.04, 275.48 ,11843022.4, 281256 ,2031629
20190111 ,275.48, 276.15, 275.18, 276.15 ,10593803.2, 318272 ,1048606
20190114 ,275.97, 276.21, 275.06, 275.35 ,7152689.6, 140495 ,2293771
20190115 ,275.1, 277.77, 274.94, 277.77 ,13211703.2, 249088 ,327721
20190116 ,277.78, 277.78, 276.73, 277.03 ,10096728.8, 221686 ,2031631
20190117 ,276.74, 277.94, 276.59, 276.92 ,11794224.8, 260322 ,2097167
20190118 ,276.97, 277.79, 276.39, 277.79 ,13116663.2, 254895 ,1179676
20190121 ,277.79, 278.74, 277.44, 278.11 ,8942524.8, 180834 ,1245207
20190122 ,277.96, 278.3, 276.62, 277.44 ,9340844.0, 214155 ,2162698
20190123 ,277.32, 277.32, 276.57, 277.19 ,7471953.6, 157405 ,2031630
20190124 ,276.43, 276.87, 275.7, 276.49 ,15204984.0, 259151 ,1048603
20190125 ,276.45, 277.17, 274.92, 275.59 ,10744636.0, 207484 ,2359307
20190128 ,275.55, 277.07, 275.45, 275.99 ,8282738.4, 153486 ,1572885
20190129 ,275.79, 275.84, 272.15, 274.99 ,10704749.6, 242612 ,2424844
20190130 ,274.43, 274.52, 272.66, 273.3 ,8129732.8, 181841 ,3014657
20190131 ,272.89, 273.67, 271.25, 272.11 ,13910241.6, 351133 ,2097168
20190201 ,271.9, 275.32, 271.9, 275.32 ,11015092.0, 229031 ,131120
20190211 ,275.35, 278.34, 275.02, 277.93 ,15476185.6, 292286 ,393257
20190212 ,277.78, 279.3, 277.72, 278.91 ,14900747.2, 301739 ,589860
20190213 ,279.05, 282.09, 278.49, 281.7 ,24797366.4, 428853 ,327724
20190214 ,281.75, 282.81, 281.02, 282.17 ,19620057.6, 385375 ,852000
20190215 ,282.24, 282.24, 280.24, 280.79 ,15383243.2, 292418 ,2228235
20190218 ,280.89, 286.21, 280.89, 286.21 ,24645753.6, 469645 ,50
20190219 ,286.26, 287.65, 285.2, 286.33 ,24077976.0, 476151 ,1638420
20190220 ,286.3, 286.72, 285.29, 286.33 ,15260307.2, 320817 ,1703952
20190221 ,286.32, 288.92, 285.95, 286.56 ,28423603.2, 586694 ,1703954
20190222 ,286.57, 289.58, 285.92, 289.58 ,28465238.4, 574000 ,262190
20190225 ,290.5, 303.22, 290.5, 302.89 ,69999193.6, 1345326 ,50
20190226 ,304.2, 305.79, 301.29, 301.3 ,63257830.4, 1326451 ,2293773
20190227 ,300.03, 303.24, 298.32, 300.17 ,43223952.0, 910100 ,2097168
20190228 ,300.4, 301.79, 297.83, 298.66 ,32276528.0, 691719 ,2228238
20190301 ,298.59, 301.08, 298.27, 301.08 ,26280952.0, 499861 ,458791
20190304 ,302.07, 307.75, 302.07, 304.89 ,54389593.6, 954485 ,327724
20190305 ,304.52, 309.37, 303.65, 309.3 ,44153718.4, 832967 ,196652
20190306 ,309.63, 311.44, 307.96, 311.41 ,47304144.0, 850057 ,786468
20190307 ,311.67, 313.12, 309.62, 311.83 ,51669939.2, 1017090 ,1310748
20190308 ,308.6, 309.39, 300.97, 301.14 ,49539388.8, 972398 ,3211265
20190311 ,300.77, 306.6, 300.77, 306.58 ,31100057.6, 602042 ,131120
20190312 ,307.18, 310.05, 305.96, 307.41 ,40767497.6, 752959 ,983070
20190313 ,307.55, 308.35, 303.11, 303.83 ,46245142.4, 785434 ,2686984
20190314 ,303.25, 304.19, 299.15, 300.43 ,35120259.2, 681450 ,2949125
20190315 ,300.92, 306.81, 300.92, 304.64 ,42020044.8, 771550 ,393259
20190318 ,304.74, 306.41, 302.44, 306.41 ,31423414.4, 534326 ,589860
20190319 ,306.4, 307.09, 305.14, 305.22 ,18506824.0, 342934 ,2097166
20190320 ,305.25, 305.94, 302.48, 305.1 ,20268694.4, 422236 ,1638423
20190321 ,305.45, 309.22, 305.45, 307.56 ,29508256.0, 601411 ,393259
20190322 ,307.88, 309.08, 306.51, 309.08 ,28585641.6, 508877 ,1638420
20190325 ,307.16, 308.45, 305.21, 305.88 ,26787012.8, 501707 ,2555913
20190326 ,306.36, 306.93, 301.06, 301.36 ,24346384.0, 512478 ,3211265
20190327 ,301.51, 302.82, 300.57, 302.07 ,14913974.4, 338544 ,1507351
20190328 ,301.91, 303.46, 301.16, 301.62 ,13050558.4, 268465 ,1966094
20190329 ,301.34, 306.78, 301.19, 306.78 ,25716438.4, 483474 ,65584
20190401 ,308.41, 314.26, 308.41, 313.82 ,57428153.6, 822918 ,65585
20190402 ,314.7, 315.7, 313.5, 313.88 ,36529881.6, 562912 ,2621449
20190403 ,313.68, 318.38, 312.75, 318.38 ,45779107.2, 674704 ,720933
20190404 ,319.67, 321.0, 317.17, 318.41 ,50474409.6, 782399 ,1572886
20190408 ,319.01, 320.64, 315.48, 318.38 ,45709660.8, 730596 ,2359307
20190409 ,318.4, 318.4, 315.58, 317.23 ,24593635.2, 416513 ,1441815
20190410 ,317.39, 318.51, 315.11, 316.08 ,29335577.6, 445949 ,1966096
20190411 ,316.47, 316.58, 312.04, 312.77 ,25376625.6, 383846 ,3080194
20190412 ,312.53, 313.94, 311.6, 313.25 ,17632576.0, 282063 ,852002
20190415 ,314.35, 317.34, 313.12, 313.14 ,21312528.0, 305245 ,1703956
20190416 ,312.89, 317.26, 312.15, 317.25 ,21571992.0, 301092 ,262190
20190417 ,317.4, 318.56, 316.52, 318.04 ,15996819.2, 247724 ,1048603
20190418 ,318.09, 319.4, 317.51, 318.99 ,21051636.8, 275251 ,2752518
20190419 ,318.94, 319.99, 317.62, 319.96 ,17352587.2, 244943 ,1441815
20190422 ,319.92, 320.23, 316.11, 316.2 ,23664104.0, 346723 ,2686984
20190423 ,315.52, 316.32, 314.15, 314.68 ,18600136.0, 346746 ,2228233
20190424 ,314.72, 316.28, 313.19, 316.28 ,16846400.0, 282716 ,1114143
20190425 ,316.25, 316.53, 312.28, 312.31 ,23602324.8, 411517 ,2949124
20190426 ,311.89, 313.59, 311.63, 312.5 ,17450958.4, 308775 ,1966095
